{
    "umt_score": [
        2.8400339975157163,
        1.2310217223221196,
        -4.19140625,
        4.6875
    ],
    "iq_aigc": [
        1.810266851032804,
        0.1825440595799618,
        0.7916455864906311,
        2.2441980838775635
    ],
    "motion_smoothness": [
        0.9840554193892415,
        0.019167912630125083,
        0.7140670477175245,
        0.9992404491093312
    ],
    "vq_aigc": [
        3.0517633266752036,
        0.6090889417333818,
        0.7907295227050781,
        4.563047409057617
    ]
}
