{"bias": 0.49959346177931097, "umt_score": 0.6997623696516784, "iq_aigc": 0.7404774735467995, "vq_aigc": 0.8815452341486217, "motion_smoothness": 0.17656055279837493}